LoF_Score,N,Advanced,Limited,Rate
0 (None),863,520,343,0.6025492468134415
1,95,60,35,0.631578947368421
2,12,7,5,0.5833333333333334
3+,4,3,1,0.75
