Gene,Limited_N,Limited_Pct,Advanced_N,Advanced_Pct,Total_Mut,OR,P_value,Direction,FDR
GNAI2,4,7.5,18,18.4,22,0.363,0.09164379228187998,Advanced,0.4582189614093999
RHOA,13,24.5,16,16.3,29,1.666,0.27944415589779775,Limited,0.6986103897444944
CXCR4,4,7.5,10,10.2,14,0.718,0.7712440312812558,Advanced,0.86587259671501
S1PR2,6,11.3,13,13.3,19,0.835,0.8025683271007533,Advanced,0.86587259671501
GNA13,29,54.7,52,53.1,81,1.069,0.86587259671501,Limited,0.86587259671501
