odds_ratio,p_value,ci_lower,ci_upper
7.135135135135135,0.000909257671384907,1.9665794352474915,25.887666922660003
