pathway,early_n,early_mut,early_freq,diss_n,diss_mut,diss_freq,odds_ratio,p_value
tumor_suppressor,25,8,0.32,12,3,0.25,1.411764705882353,1.0
pro_migratory,25,1,0.04,12,2,0.16666666666666666,0.20833333333333334,0.24066924066924067
