gene,n_samples,n_mutated,frequency
P2RY8,236,24,0.1016949152542373
GNA13,236,20,0.0847457627118644
S1PR2,236,10,0.0423728813559322
RHOA,236,9,0.038135593220338986
GNAI2,236,8,0.03389830508474576
CXCR4,236,6,0.025423728813559324
RAC2,236,4,0.01694915254237288
ARHGEF1,236,2,0.00847457627118644
S1PR1,236,1,0.00423728813559322
RAC1,236,1,0.00423728813559322
