Subtype,N,TS_mutated,TS_pct,GNA13,S1PR2,P2RY8,RHOA
CS,256,13,5.078125,2,4,5,2
TT,101,9,8.91089108910891,3,3,1,2
GM,137,70,51.09489051094891,52,11,12,6
Q,124,4,3.225806451612903,2,0,0,2
AR,94,1,1.0638297872340425,0,1,0,0
