pathway,coefficient,p_value,trend
tumor_suppressor,-0.1966631881644449,0.6211138330089785,Decreasing
pro_migratory,0.8313526594590088,0.22554258656553328,Increasing
