"cluster_ICL","GNA13_pct","RHOA_pct","P2RY8_pct","CXCR4_pct","SGK1_S_pct","any_pathway_mut_pct","gEgress_pct"
"BCL2",0.135021097046413,0.0590717299578059,0.0168776371308017,0.0337552742616034,0.147679324894515,0.362869198312236,-0.029535864978903
"MYD88",0.0227272727272727,0.0284090909090909,0.00568181818181818,0.0227272727272727,0.0340909090909091,0.113636363636364,0
"NEC",0.0216049382716049,0.037037037037037,0.0216049382716049,0.00308641975308642,0.0185185185185185,0.095679012345679,-0.058641975308642
"SGK1",0.183246073298429,0.0157068062827225,0.06282722513089,0.0471204188481675,0.476439790575916,0.638743455497382,0.261780104712042
